<?xml version="1.0" encoding="UTF-8"?>
<project-private xmlns="http://www.netbeans.org/ns/project-private/1">
    <editor-bookmarks xmlns="http://www.netbeans.org/ns/editor-bookmarks/2" lastBookmarkId="0"/>
    <open-files xmlns="http://www.netbeans.org/ns/projectui-open-files/2">
        <group>
            <file>file:/C:/Users/ilhan.sofuoglu/Documents/NetBeansProjects/labbb3/src/labbb3/Employee.java</file>
            <file>file:/C:/Users/ilhan.sofuoglu/Documents/NetBeansProjects/labbb3/src/labbb3/Person.java</file>
            <file>file:/C:/Users/ilhan.sofuoglu/Documents/NetBeansProjects/labbb3/src/labbb3/Boss.java</file>
            <file>file:/C:/Users/ilhan.sofuoglu/Documents/NetBeansProjects/labbb3/src/labbb3/Address.java</file>
            <file>file:/C:/Users/ilhan.sofuoglu/Documents/NetBeansProjects/labbb3/src/labbb3/Main.java</file>
        </group>
    </open-files>
</project-private>
